-- Insert data into Passengers table
INSERT INTO Passengers(passid,pname,dob,gender,occupation,ssn,is_member,email) VALUES (100, 'Sai Teja', TO_DATE('1999-02-13','YYYY-MM-DD'), 'Male', 'Student', '100-10-1000', 'Y', 'saiteja56@gmail.com');
INSERT INTO Passengers(passid,pname,dob,gender,occupation,ssn,is_member,email) VALUES (101, 'Manvitha Gogineni', TO_DATE('1999-07-23','YYYY-MM-DD'), 'Female', 'Student', '101-11-1001', 'Y', 'manvitha45@gmail.com');
INSERT INTO Passengers(passid,pname,dob,gender,occupation,ssn,is_member,email) VALUES (102, 'Devika Eagala', TO_DATE('1999-02-12','YYYY-MM-DD') , 'Female', 'Student', '102-12-1002', 'Y', 'devie@gmail.com');
INSERT INTO Passengers(passid,pname,dob,gender,occupation,ssn,is_member,email) VALUES (103, 'Likhitha Sangisetti', TO_DATE('1999-07-07','YYYY-MM-DD'), 'Female', 'Student', '103-13-1003', 'Y','likhitha@gmail.com');
INSERT INTO Passengers(passid,pname,dob,gender,occupation,ssn,is_member,email) VALUES (104, 'Anushka Shetty', TO_DATE('1987-06-29','YYYY-MM-DD'), 'Female', 'Teacher', '104-14-1004', 'Y', 'anu@gmail.com');
INSERT INTO Passengers(passid,pname,dob,gender,occupation,ssn,is_member,email) VALUES (105, 'Mahesh Babu', TO_DATE('1970-12-30','YYYY-MM-DD'), 'Male', 'Doctor', '105-15-1005', 'Y' ,'mahesh@gmail.com');
INSERT INTO Passengers(passid,pname,dob,gender,occupation,ssn,is_member,email) VALUES (106, 'Prabhas Raju', TO_DATE('1970-10-04','YYYY-MM-DD'), 'Male', 'Chef', '106-16-1006', 'Y', 'prabaha@gmail.com');
INSERT INTO Passengers(passid,pname,dob,gender,occupation,ssn,is_member,email) VALUES (107, 'Keerthy Suresh', TO_DATE('1990-06-08','YYYY-MM-DD'), 'Female', 'Actress', '107-17-1007', 'Y', 'keerthy@gmail.com');
INSERT INTO Passengers(passid,pname,dob,gender,occupation,ssn,is_member,email) VALUES (108, 'David Warner', TO_DATE('1976-10-30','YYYY-MM-DD'), 'Male', 'Cricketer', '108-18-1008', 'Y', 'david@gmail.com');
INSERT INTO Passengers(passid,pname,dob,gender,occupation,ssn,is_member,email) VALUES (109, 'Tom Holland', TO_DATE('1995-06-01','YYYY-MM-DD'), 'Male', 'Actor', '109-19-1009', 'Y', 'tomh@gmail.com');
INSERT INTO Passengers(passid,pname,dob,gender,occupation,ssn,is_member,email) VALUES (110, 'Allu Arjun', TO_DATE('1979-04-08','YYYY-MM-DD'), 'Male', 'Zoologist', '110-20-2000', 'Y', 'aarjun@gmail.com');
INSERT INTO Passengers(passid,pname,dob,gender,occupation,ssn,is_member,email) VALUES (111, 'Nithya Menon', TO_DATE('1980-12-28','YYYY-MM-DD'), 'Female', 'Writer', '111-21-2001', 'Y', 'nithyam@gmail.com');
INSERT INTO Passengers(passid,pname,dob,gender,occupation,ssn,is_member,email) VALUES (112, 'Anirudh Ravichandran', TO_DATE('1990-10-14','YYYY-MM-DD'), 'Male', 'Singer', '112-22-2002', 'Y', 'anirudhr@gmail.com');
INSERT INTO Passengers(passid,pname,dob,gender,occupation,ssn,is_member,email) VALUES (113, 'Alexandra Daddario', TO_DATE('1986-11-19','YYYY-MM-DD'), 'Female','Physician','113-23-2003', 'Y','alexan@gmail.com');
INSERT INTO Passengers(passid,pname,dob,gender,occupation,ssn,is_member,email) VALUES (114, 'Nani Ghanta', TO_DATE('1985-04-29','YYYY-MM-DD'), 'Male', 'Scientist', '114-24-2004', 'Y', 'nanig@gmail.com');
INSERT INTO Passengers(passid,pname,dob,gender,occupation,ssn,is_member,email) VALUES (115, 'Madhuri Dixit', TO_DATE('1965-01-02','YYYY-MM-DD'), 'Female', 'Dancer','115-25-2005', 'Y','madhu@gmail.com');
INSERT INTO Passengers(passid,pname,dob,gender,occupation,ssn,is_member,email) VALUES (116, 'Damon Salvatore', TO_DATE('1978-09-12','YYYY-MM-DD'), 'Male','Surgeon','116-26-2006', 'Y', 'damon@gmail.com');
INSERT INTO Passengers(passid,pname,dob,gender,occupation,ssn,is_member,email) VALUES (117, 'Nivetha Thomas', TO_DATE('1995-09-14','YYYY-MM-DD'), 'Female','Architect','117-27-2007','Y','nivi@gmail.com');
INSERT INTO Passengers(passid,pname,dob,gender,occupation,ssn,is_member,email) VALUES (118, 'Dhanush Raja', TO_DATE('1978-11-09','YYYY-MM-DD'), 'Male','Detective', '118-28-2008','Y','dhanush@gmail.com');
INSERT INTO Passengers(passid,pname,dob,gender,occupation,ssn,is_member,email) VALUES (119, 'Saipallavi Senthamarai', TO_DATE('1986-09-09','YYYY-MM-DD'), 'Female','Baker', '119-19-2009','Y', 'saip@gmail.com');
INSERT INTO Passengers(passid,pname,dob,gender,occupation,ssn,is_member,email) VALUES (120, 'Chris Evans', TO_DATE('1980-10-08','YYYY-MM-DD'), 'Male','Biologist', '120-20-2010','Y','chris@gmail.com');
INSERT INTO Passengers(passid,pname,dob,gender,occupation,ssn,is_member,email) VALUES (121, 'Elena Gilbert', TO_DATE('1990-10-10','YYYY-MM-DD'), 'Female','Nutitionist', '121-21-2011','Y','elena@gmail.com');
INSERT INTO Passengers(passid,pname,dob,gender,occupation,ssn,is_member,email) VALUES (122, 'Timothee Chalamet', TO_DATE('1996-10-12','YYYY-MM-DD'), 'Male','Pilot','122-22-3001', 'Y','timothee@gmail.com');
INSERT INTO Passengers(passid,pname,dob,gender,occupation,ssn,is_member,email) VALUES (123, 'Scarlett Johansson', TO_DATE('1983-12-12','YYYY-MM-DD'), 'Female','Fashion Designer','123-23-3002', 'Y','scarlett@gmail.com');
INSERT INTO Passengers(passid,pname,dob,gender,occupation,ssn,is_member,email) VALUES (124, 'Joseph Morgan', TO_DATE('1987-11-01','YYYY-MM-DD'), 'Male','Dentist','124-24-3003','Y','joseph@gmail.com');
INSERT INTO Passengers(passid,pname,dob,gender,occupation,ssn,is_member,email) VALUES (125, 'Caroline Forbes', TO_DATE('1989-10-03','YYYY-MM-DD'), 'Female','Consultant','125-25-3004', 'Y','caroline@gmail.com');
INSERT INTO Passengers(passid,pname,dob,gender,occupation,ssn,is_member,email) VALUES (126, 'Tom Cruise', TO_DATE('1970-06-09','YYYY-MM-DD'), 'Male','Economist','126-26-3005','Y','tomc@gmailcom');
INSERT INTO Passengers(passid,pname,dob,gender,occupation,ssn,is_member,email) VALUES (127, 'Florence Pugh', TO_DATE('1988-09-12','YYYY-MM-DD'), 'Female','Astronaut', '127-27-3006','Y','florence@gmail.com');
INSERT INTO Passengers(passid,pname,dob,gender,occupation,ssn,is_member,email) VALUES (128, 'Chris Hemsworth', TO_DATE('1976-10-30','YYYY-MM-DD'), 'Male','Web Developer','128-28-3007', 'Y','chrish@gmail.com');
INSERT INTO Passengers(passid,pname,dob,gender,occupation,ssn,is_member,email) VALUES (129, 'Emma Watson', TO_DATE('1987-12-09','YYYY-MM-DD'), 'Female','Social Activist','129-29-3008', 'Y','emmaw@gmail.com');
INSERT INTO Passengers(passid,pname,dob,gender,occupation,ssn,is_member,email) VALUES (130, 'Robert Pattinson', TO_DATE('1989-03-09','YYYY-MM-DD'), 'Male','Psychiatrist','130-30-3009', 'Y','robert@gmail.com');
INSERT INTO Passengers(passid,pname,dob,gender,occupation,ssn,is_member,email) VALUES (131, 'Gal Gadot', TO_DATE('1991-01-01','YYYY-MM-DD'), 'Female','Musician','131-31-3010', 'Y','galg@gmail.com');
INSERT INTO Passengers(passid,pname,dob,gender,occupation,ssn,is_member,email) VALUES (132, 'Steve Harrington', TO_DATE('1989-01-30','YYYY-MM-DD'), 'Male','Hotel Manager','132-32-4000', 'Y','steveh@gmail.com');
INSERT INTO Passengers(passid,pname,dob,gender,occupation,ssn,is_member,email) VALUES (133, 'Zendaya Coleman', TO_DATE('1996-12-28','YYYY-MM-DD'), 'Female','Engineer','133-33-4001', 'Y','zendaya@gmail.com');
INSERT INTO Passengers(passid,pname,dob,gender,occupation,ssn,is_member,email) VALUES (134, 'Pawan Kalyan', TO_DATE('1970-09-02','YYYY-MM-DD'), 'Male','Politician','134-34-4002', 'Y','pawank@gmail.com');
INSERT INTO Passengers(passid,pname,dob,gender,occupation,ssn,is_member,email) VALUES (135, 'Lili Reinhart', TO_DATE('1992-05-25','YYYY-MM-DD'), 'Female','Photographer', '135-35-4003','Y','lilir@gmail.com');
INSERT INTO Passengers(passid,pname,dob,gender,occupation,ssn,is_member,email) VALUES (136, 'Justin Bieber', TO_DATE('1985-08-23','YYYY-MM-DD'), 'Male','Dentist','136-36-4004', 'Y','justin@gmail.com');
INSERT INTO Passengers(passid,pname,dob,gender,occupation,ssn,is_member,email) VALUES (137, 'Taylor Swift', TO_DATE('1986-02-10','YYYY-MM-DD'), 'Female', 'Musician','137-37-4005','Y','taylor@gmail.com');
INSERT INTO Passengers(passid,pname,dob,gender,occupation,ssn,is_member,email) VALUES (138, 'Surya Sivakumar', TO_DATE('1978-11-20','YYYY-MM-DD'), 'Male','Surgeon','138-38-4006', 'Y','surya@gmail.com');
INSERT INTO Passengers(passid,pname,dob,gender,occupation,ssn,is_member,email) VALUES (139, 'Selena Gomez', TO_DATE('1985-02-20','YYYY-MM-DD'), 'Female','Web developer', '139-39-4007','Y','selena@gmail.com');

--adress




INSERT INTO Addresses (passid, street, home_num, city, state, zip) VALUES (100, 'Main St', '123', 'New York', 'NY', '10001');
INSERT INTO Addresses (passid, street, home_num, city, state, zip) VALUES (100, 'Broadway', '456', 'New York', 'NY', '10002');
INSERT INTO Addresses (passid, street, home_num, city, state, zip) VALUES (101, 'Oak St', '789', 'Boston', 'MA', '02108');
INSERT INTO Addresses (passid, street, home_num, city, state, zip) VALUES (101, 'Elm St', '321', 'Boston', 'MA', '02109');
INSERT INTO Addresses (passid, street, home_num, city, state, zip) VALUES (102, 'High St', '111', 'San Francisco', 'CA', '94105');
INSERT INTO Addresses (passid, street, home_num, city, state, zip) VALUES (102, 'Market St', '222', 'San Francisco', 'CA', '94106');
INSERT INTO Addresses (passid, street, home_num, city, state, zip) VALUES (103, 'King St', '333', 'Seattle', 'WA', '98104');
INSERT INTO Addresses (passid, street, home_num, city, state, zip) VALUES (103, 'Queen St', '444', 'Seattle', 'WA', '98105');
INSERT INTO Addresses (passid, street, home_num, city, state, zip) VALUES (104, 'Park Ave', '555', 'Chicago', 'IL', '60601');
INSERT INTO Addresses (passid, street, home_num, city, state, zip) VALUES (104, 'State St', '666', 'Chicago', 'IL', '60602');
INSERT INTO Addresses (passid, street, home_num, city, state, zip) VALUES (105, 'Pine St', '333', 'Philadelphia', 'PA', '19101');
INSERT INTO Addresses (passid, street, home_num, city, state, zip) VALUES (106, 'Broadway', '777', 'New York', 'NY', '10001');
INSERT INTO Addresses (passid, street, home_num, city, state, zip) VALUES (107, 'Wilshire Blvd', '123', 'Los Angeles', 'CA', '90001');
INSERT INTO Addresses (passid, street, home_num, city, state, zip) VALUES (108, 'Michigan Ave', '456', 'Chicago', 'IL', '60601');
INSERT INTO Addresses (passid, street, home_num, city, state, zip) VALUES (109, 'Kirby Dr', '888', 'Houston', 'TX', '77001');
INSERT INTO Addresses (passid, street, home_num, city, state, zip) VALUES (110, 'Market St', '999', 'Philadelphia', 'PA', '19101');
INSERT INTO Addresses (passid, street, home_num, city, state, zip) VALUES (111, '1st St', '123', 'New York', 'NY', '10001');
INSERT INTO Addresses (passid, street, home_num, city, state, zip) VALUES (112, '2nd Ave', '456', 'Los Angeles', 'CA', '90001');
INSERT INTO Addresses (passid, street, home_num, city, state, zip) VALUES (113, '3rd St', '789', 'Chicago', 'IL', '60601');
INSERT INTO Addresses (passid, street, home_num, city, state, zip) VALUES (114, '4th St', '222', 'Houston', 'TX', '77001');
INSERT INTO Addresses (passid, street, home_num, city, state, zip) VALUES (115, '5th St', '333', 'Philadelphia', 'PA', '19101');
INSERT INTO Addresses (passid, street, home_num, city, state, zip) VALUES (116, '6th Ave', '777', 'New York', 'NY', '10001');
INSERT INTO Addresses (passid, street, home_num, city, state, zip) VALUES (117, '7th St', '123', 'Los Angeles', 'CA', '90001');
INSERT INTO Addresses (passid, street, home_num, city, state, zip) VALUES (118, '8th Ave', '456', 'Chicago', 'IL', '60601');
INSERT INTO Addresses (passid, street, home_num, city, state, zip) VALUES (119, '9th St', '789', 'Houston', 'TX', '77001');
INSERT INTO Addresses (passid, street, home_num, city, state, zip) VALUES (120, '10th St', '999', 'Philadelphia', 'PA', '19101');
INSERT INTO Addresses (passid, street, home_num, city, state, zip) VALUES (121, '1st Ave', '123', 'New York', 'NY', '10001');
INSERT INTO Addresses (passid, street, home_num, city, state, zip) VALUES (122, '2nd St', '456', 'Los Angeles', 'CA', '90001');
INSERT INTO Addresses (passid, street, home_num, city, state, zip) VALUES (123, '3rd Ave', '789', 'Chicago', 'IL', '60601');
INSERT INTO Addresses (passid, street, home_num, city, state, zip) VALUES (124, '4th Ave', '222', 'Houston', 'TX', '77001');
INSERT INTO Addresses (passid, street, home_num, city, state, zip) VALUES (125, '5th Ave', '333', 'Philadelphia', 'PA', '19101');
INSERT INTO Addresses (passid, street, home_num, city, state, zip) VALUES (126, '6th St', '777', 'New York', 'NY', '10001');
INSERT INTO Addresses (passid, street, home_num, city, state, zip) VALUES (127, '7th Ave', '123', 'Los Angeles', 'CA', '90001');
INSERT INTO Addresses (passid, street, home_num, city, state, zip) VALUES (128, '8th St', '456', 'Chicago', 'IL', '60601');
INSERT INTO Addresses (passid, street, home_num, city, state, zip) VALUES (129, '9th Ave', '789', 'Houston', 'TX', '77001');
INSERT INTO Addresses (passid, street, home_num, city, state, zip) VALUES (130, '10th Ave', '999', 'Philadelphia', 'PA', '19101');
INSERT INTO Addresses (passid, street, home_num, city, state, zip) VALUES (131, 'Gandhi Road', '12A', 'Mumbai', 'Maharashtra', '400001');
INSERT INTO Addresses (passid, street, home_num, city, state, zip) VALUES (132, 'MG Road', '16', 'Chennai', 'Tamil Nadu', '600006');
INSERT INTO Addresses (passid, street, home_num, city, state, zip) VALUES (133, 'JLN Marg', '15', 'Jaipur', 'Rajasthan', '302017');
INSERT INTO Addresses (passid, street, home_num, city, state, zip) VALUES (134, 'Gurukul Road', '45', 'Ahmedabad', 'Gujarat', '380052');
INSERT INTO Addresses (passid, street, home_num, city, state, zip) VALUES (135, 'Marine Drive', '7B', 'Kochi', 'Kerala', '682001');
INSERT INTO Addresses (passid, street, home_num, city, state, zip) VALUES (136, 'Park Street', '17', 'Kolkata', 'West Bengal', '700016');
INSERT INTO Addresses (passid, street, home_num, city, state, zip) VALUES (137, 'Bhagwan Das Road', '29', 'New Delhi', 'Delhi', '110001');
INSERT INTO Addresses (passid, street, home_num, city, state, zip) VALUES (138, 'Civil Lines Road', '23', 'Allahabad', 'Uttar Pradesh', '211001');
INSERT INTO Addresses (passid, street, home_num, city, state, zip) VALUES (139, 'Agra Road', '36', 'Jaipur', 'Rajasthan', '302031');







----------------------------- 
-- Insert data into Phones table
INSERT INTO Phones (passid, phone, phone_type) VALUES (100, '+1 703-555-1234', 'home');
INSERT INTO Phones (passid, phone, phone_type) VALUES (100, '+1 703-555-5678', 'work');
INSERT INTO Phones (passid, phone, phone_type) VALUES (101, '+1 256-555-2345', 'cell');
INSERT INTO Phones (passid, phone, phone_type) VALUES (101, '+1 603-555-6789', 'work');
INSERT INTO Phones (passid, phone, phone_type) VALUES (102, '+1 571-555-3456', 'home');
INSERT INTO Phones (passid, phone, phone_type) VALUES (102, '+1 703-555-7890', 'work');
INSERT INTO Phones (passid, phone, phone_type) VALUES (103, '+1 703-555-4567', 'cell');
INSERT INTO Phones (passid, phone, phone_type) VALUES (103, '+1 571-555-8901', 'work');
INSERT INTO Phones (passid, phone, phone_type) VALUES (104, '+1 703-555-5678', 'home');
INSERT INTO Phones (passid, phone, phone_type) VALUES (104, '+1 703-555-9012', 'cell');
INSERT INTO Phones (passid, phone, phone_type) VALUES (105, '+1 571-843-1000', 'work');
INSERT INTO Phones (passid, phone, phone_type) VALUES (106, '+1 703-843-1001', 'cell');
INSERT INTO Phones (passid, phone, phone_type) VALUES (107, '+1 703-843-1002', 'home');
INSERT INTO Phones (passid, phone, phone_type) VALUES (108, '+1 703-843-1003', 'cell');
INSERT INTO Phones (passid, phone, phone_type) VALUES (109, '+1 603-843-4690', 'cell');
INSERT INTO Phones (passid, phone, phone_type) VALUES (110, '+1 571-555-1004', 'home');
INSERT INTO Phones (passid, phone, phone_type) VALUES (111, '+1 571-843-1005', 'work');
INSERT INTO Phones (passid, phone, phone_type) VALUES (112, '+1 603-555-1006', 'cell');
INSERT INTO Phones (passid, phone, phone_type) VALUES (113, '+1 703-555-1007', 'cell');
INSERT INTO Phones (passid, phone, phone_type) VALUES (114, '+1 703-555-2001', 'cell');
INSERT INTO Phones (passid, phone, phone_type) VALUES (115, '+1 703-843-2002', 'cell');
INSERT INTO Phones (passid, phone, phone_type) VALUES (116, '+1 571-555-2004', 'home');
INSERT INTO Phones (passid, phone, phone_type) VALUES (117, '+1 571-555-2005', 'home');
INSERT INTO Phones (passid, phone, phone_type) VALUES (118, '+1 703-555-2007', 'work');
INSERT INTO Phones (passid, phone, phone_type) VALUES (119, '+1 703-843-2003', 'cell');
INSERT INTO Phones (passid, phone, phone_type) VALUES (120, '+1 703-555-2008', 'work');
INSERT INTO Phones (passid, phone, phone_type) VALUES (121, '+1 703-843-2009', 'cell');
INSERT INTO Phones (passid, phone, phone_type) VALUES (122, '+1 703-843-2010', 'home');
INSERT INTO Phones (passid, phone, phone_type) VALUES (123, '+1 703-624-3010', 'home');
INSERT INTO Phones (passid, phone, phone_type) VALUES (124, '+1 703-295-3008', 'work');
INSERT INTO Phones (passid, phone, phone_type) VALUES (125, '+1 703-295-4008', 'cell');
INSERT INTO Phones (passid, phone, phone_type) VALUES (126, '+1 703-295-4010', 'home');
INSERT INTO Phones (passid, phone, phone_type) VALUES (127, '+1 703-555-5008', 'cell');
INSERT INTO Phones (passid, phone, phone_type) VALUES (128, '+1 703-555-6608', 'work');
INSERT INTO Phones (passid, phone, phone_type) VALUES (129, '+1 703-295-7008', 'cell');
INSERT INTO Phones (passid, phone, phone_type) VALUES (130, '+1 703-603-7009', 'home');
INSERT INTO Phones (passid, phone, phone_type) VALUES (131, '+1 703-555-8000', 'work');
INSERT INTO Phones (passid, phone, phone_type) VALUES (132, '+1 703-555-8001', 'home');
INSERT INTO Phones (passid, phone, phone_type) VALUES (133, '+1 703-555-8002', 'cell');
INSERT INTO Phones (passid, phone, phone_type) VALUES (134, '+1 703-555-8003', 'work');
INSERT INTO Phones (passid, phone, phone_type) VALUES (135, '+1 703-555-8005', 'cell');
INSERT INTO Phones (passid, phone, phone_type) VALUES (136, '+1 703-555-8006', 'home');
INSERT INTO Phones (passid, phone, phone_type) VALUES (137, '+1 703-555-8007', 'cell');
INSERT INTO Phones (passid, phone, phone_type) VALUES (138, '+1 703-555-8008', 'work');
INSERT INTO Phones (passid, phone, phone_type) VALUES (139, '+1 703-555-8009', 'cell');














---------------------


-- Insert data into Login table
INSERT INTO Login (passid, username, passwd) VALUES (100, 'Sai Teja', 'password123');
INSERT INTO Login (passid, username, passwd) VALUES (101, 'Manvitha Gogineni', 'password456');
INSERT INTO Login (passid, username, passwd) VALUES (102, 'Devika Eagala', 'password789');
INSERT INTO Login (passid, username, passwd) VALUES (103, 'Likhitha Sangisetti', 'password101');
INSERT INTO Login (passid, username, passwd) VALUES (104, 'Anushka Shetty', 'password202');
INSERT INTO Login (passid, username, passwd) VALUES (105, 'Mahesh Babu', 'password303');
INSERT INTO Login (passid, username, passwd) VALUES (106, 'Prabhas Raju', 'password404');
INSERT INTO Login (passid, username, passwd) VALUES (107, 'Keerthy Suresh', 'password505');
INSERT INTO Login (passid, username, passwd) VALUES (108, 'David Warner', 'password606');
INSERT INTO Login (passid, username, passwd) VALUES (109, 'Tom Holland', 'password707');
INSERT INTO Login (passid, username, passwd) VALUES (110, 'Allu Arjun', 'password808');
INSERT INTO Login (passid, username, passwd) VALUES (111, 'Nithya Menon', 'password909');
INSERT INTO Login (passid, username, passwd) VALUES (112, 'Anirudh Ravichandran', 'password010');
INSERT INTO Login (passid, username, passwd) VALUES (113, 'Alexandra Daddario', 'password111');
INSERT INTO Login (passid, username, passwd) VALUES (114, 'Nani Ghanta', 'password212');
INSERT INTO Login (passid, username, passwd) VALUES (115, 'Madhuri Dixit', 'password313');
INSERT INTO Login (passid, username, passwd) VALUES (116, 'Damon Salvatore','password414');
INSERT INTO Login (passid, username, passwd) VALUES (117, 'Nivetha Thomas', 'password515');
INSERT INTO Login (passid, username, passwd) VALUES (118, 'Dhanush Raja', 'password616');
INSERT INTO Login (passid, username, passwd) VALUES (119, 'Saipallavi Senthamarai', 'password717');
INSERT INTO Login (passid, username, passwd) VALUES (120, 'Chris Evans', 'password818');
INSERT INTO Login (passid, username, passwd) VALUES (121, 'Elena Gilbert', 'password919');
INSERT INTO Login (passid, username, passwd) VALUES (122, 'Timothee Chalamet', 'password020');
INSERT INTO Login (passid, username, passwd) VALUES (123, 'Scarlett Johansson', 'password121');
INSERT INTO Login (passid, username, passwd) VALUES (124, 'Joseph Morgan', 'password222');
INSERT INTO Login (passid, username, passwd) VALUES (125, 'Caroline Forbes', 'password323');
INSERT INTO Login (passid, username, passwd) VALUES (126, 'Tom Cruise', 'password424');
INSERT INTO Login (passid, username, passwd) VALUES (127, 'Florence Pugh', 'password525');
INSERT INTO Login (passid, username, passwd) VALUES (128, 'Chris Hemsworth', 'password626');
INSERT INTO Login (passid, username, passwd) VALUES (129, 'Emma Watson', 'password727');
INSERT INTO Login (passid, username, passwd) VALUES (130, 'Robert Pattinson', 'password828');
INSERT INTO Login (passid, username, passwd) VALUES (131, 'Gal Gadot', 'password929');
INSERT INTO Login (passid, username, passwd) VALUES (132, 'Steve Harrington', 'password030');
INSERT INTO Login (passid, username, passwd) VALUES (133, 'Zendaya Coleman', 'password131');
INSERT INTO Login (passid, username, passwd) VALUES (134, 'Pawan Kalyan', 'password232');
INSERT INTO Login (passid, username, passwd) VALUES (135, 'Lili Reinhart', 'password333');
INSERT INTO Login (passid, username, passwd) VALUES (136, 'Justin Bieber','password434');
INSERT INTO Login (passid, username, passwd) VALUES (137, 'Taylor Swift','password535');
INSERT INTO Login (passid, username, passwd) VALUES (138, 'Surya Sivakumar','password636');
INSERT INTO Login (passid, username, passwd) VALUES (139, 'Selena Gomez','password737');







-------------------------------------------------------------------------

-- Insert data into Point_Accounts table
INSERT INTO Point_Accounts (point_account_id, total_points, passid) VALUES ('PA001', 5000, 100);
INSERT INTO Point_Accounts (point_account_id, total_points, passid) VALUES ('PA002', 2000, 101);
INSERT INTO Point_Accounts (point_account_id, total_points, passid) VALUES ('PA003', 1500, 102);
INSERT INTO Point_Accounts (point_account_id, total_points, passid) VALUES ('PA004', 3000, 103);
INSERT INTO Point_Accounts (point_account_id, total_points, passid) VALUES ('PA005', 6000, 104);
INSERT INTO Point_Accounts (point_account_id, total_points, passid) VALUES ('PA006', 1000, 105);
INSERT INTO Point_Accounts (point_account_id, total_points, passid) VALUES ('PA007', 4000, 106);
INSERT INTO Point_Accounts (point_account_id, total_points, passid) VALUES ('PA008', 2500, 107);
INSERT INTO Point_Accounts (point_account_id, total_points, passid) VALUES ('PA009', 7000, 108);
INSERT INTO Point_Accounts (point_account_id, total_points, passid) VALUES ('PA010', 8000, 109);
INSERT INTO Point_Accounts (point_account_id, total_points, passid) VALUES ('PA011', 4500, 110);
INSERT INTO Point_Accounts (point_account_id, total_points, passid) VALUES ('PA012', 1000, 111);
INSERT INTO Point_Accounts (point_account_id, total_points, passid) VALUES ('PA013', 3500, 112);
INSERT INTO Point_Accounts (point_account_id, total_points, passid) VALUES ('PA014', 500, 113);
INSERT INTO Point_Accounts (point_account_id, total_points, passid) VALUES ('PA015', 9000, 114);
INSERT INTO Point_Accounts (point_account_id, total_points, passid) VALUES ('PA016', 12000, 115);
INSERT INTO Point_Accounts (point_account_id, total_points, passid) VALUES ('PA017', 600, 116);
INSERT INTO Point_Accounts (point_account_id, total_points, passid) VALUES ('PA018', 8000, 117);
INSERT INTO Point_Accounts (point_account_id, total_points, passid) VALUES ('PA019', 4000, 118);
INSERT INTO Point_Accounts (point_account_id, total_points, passid) VALUES ('PA020', 3000, 119);
INSERT INTO Point_Accounts (point_account_id, total_points, passid) VALUES ('PA021', 2000, 120);
INSERT INTO Point_Accounts (point_account_id, total_points, passid) VALUES ('PA022', 500, 121);
INSERT INTO Point_Accounts (point_account_id, total_points, passid) VALUES ('PA023', 1500, 122);
INSERT INTO Point_Accounts (point_account_id, total_points, passid) VALUES ('PA024', 4500, 123);
INSERT INTO Point_Accounts (point_account_id, total_points, passid) VALUES ('PA025', 6000, 124);
INSERT INTO Point_Accounts (point_account_id, total_points, passid) VALUES ('PA026', 700, 125);
INSERT INTO Point_Accounts (point_account_id, total_points, passid) VALUES ('PA027', 2000, 126);
INSERT INTO Point_Accounts (point_account_id, total_points, passid) VALUES ('PA028', 3000, 127);
INSERT INTO Point_Accounts (point_account_id, total_points, passid) VALUES ('PA029', 5000, 128);
INSERT INTO Point_Accounts (point_account_id, total_points, passid) VALUES ('PA030', 800, 129);
INSERT INTO Point_Accounts (point_account_id, total_points, passid) VALUES ('PA031', 1000, 130);
INSERT INTO Point_Accounts (point_account_id, total_points, passid) VALUES ('PA032', 900, 131);
INSERT INTO Point_Accounts (point_account_id, total_points, passid) VALUES ('PA033', 7000, 132);
INSERT INTO Point_Accounts (point_account_id, total_points, passid) VALUES ('PA034', 5500, 133);
INSERT INTO Point_Accounts (point_account_id, total_points, passid) VALUES ('PA035', 2000, 134);
INSERT INTO Point_Accounts (point_account_id, total_points, passid) VALUES ('PA036', 1500, 135);
INSERT INTO Point_Accounts (point_account_id, total_points, passid) VALUES ('PA037', 400, 136);
INSERT INTO Point_Accounts (point_account_id, total_points, passid) VALUES ('PA038', 3000, 137);
INSERT INTO Point_Accounts (point_account_id, total_points, passid) VALUES ('PA039', 1000, 138);
INSERT INTO Point_Accounts (point_account_id, total_points, passid) VALUES ('PA040', 500, 139);




----------------------------------------------------------------------------------------------------



-- Insert data into Empl_Incentives table
INSERT INTO Empl_Incentives (incentive_id, PASSENGER_ID) VALUES ('I01', 100);
INSERT INTO Empl_Incentives (incentive_id, PASSENGER_ID) VALUES ('I02', 101);
INSERT INTO Empl_Incentives (incentive_id, PASSENGER_ID) VALUES ('I03', 102);
INSERT INTO Empl_Incentives (incentive_id, PASSENGER_ID) VALUES ('I04', 103);
INSERT INTO Empl_Incentives (incentive_id, PASSENGER_ID) VALUES ('I05', 104);
INSERT INTO Empl_Incentives (incentive_id, PASSENGER_ID) VALUES ('I06', 105);
INSERT INTO Empl_Incentives (incentive_id, PASSENGER_ID) VALUES ('I07', 106);
INSERT INTO Empl_Incentives (incentive_id, PASSENGER_ID) VALUES ('I08', 107);
INSERT INTO Empl_Incentives (incentive_id, PASSENGER_ID) VALUES ('I09', 108);
INSERT INTO Empl_Incentives (incentive_id, PASSENGER_ID) VALUES ('I10', 109);






-------------------------
-- Insert data into Empl_Referrals table
INSERT INTO Empl_Referrals (referral_id, PASSENGER_ID) VALUES ('R01', 100);
INSERT INTO Empl_Referrals (referral_id, PASSENGER_ID) VALUES ('R02', 101);
INSERT INTO Empl_Referrals (referral_id, PASSENGER_ID) VALUES ('R03', 102);
INSERT INTO Empl_Referrals (referral_id, PASSENGER_ID) VALUES ('R04', 103);
INSERT INTO Empl_Referrals (referral_id, PASSENGER_ID) VALUES ('R05', 104);
INSERT INTO Empl_Referrals (referral_id, PASSENGER_ID) VALUES ('R06', 105);
INSERT INTO Empl_Referrals (referral_id, PASSENGER_ID) VALUES ('R07', 106);
INSERT INTO Empl_Referrals (referral_id, PASSENGER_ID) VALUES ('R08', 107);
INSERT INTO Empl_Referrals (referral_id, PASSENGER_ID) VALUES ('R09', 108);
INSERT INTO Empl_Referrals (referral_id, PASSENGER_ID) VALUES ('R10', 109);




--------------------------------------------------------------------------------------------
-- Insert data into the Flights table
INSERT INTO Flights (flight_id, arrival_datetime, dept_datetime, source, destination, flight_miles, passid, point_account_id, incentive_id, referral_id, percent_increase1, percent_increase2) VALUES ('F001', TO_DATE('2023-04-10 10:00:00','YYYY-MM-DD HH24:MI:SS'), TO_DATE('2023-04-10 08:00:00','YYYY-MM-DD HH24:MI:SS'), 'New York', 'Los Angeles', 2475, 100, 'PA001', 'I01', 'R01', 5, 10);
INSERT INTO Flights (flight_id, arrival_datetime, dept_datetime, source, destination, flight_miles, passid, point_account_id, incentive_id, referral_id, percent_increase1, percent_increase2) VALUES ('F002', TO_DATE('2023-04-11 12:00:00','YYYY-MM-DD HH24:MI:SS'), TO_DATE('2023-04-11 10:00:00','YYYY-MM-DD HH24:MI:SS'), 'Los Angeles', 'San Francisco', 388, 101, 'PA002', 'I02', 'R02', 3, 7);
INSERT INTO Flights (flight_id, arrival_datetime, dept_datetime, source, destination, flight_miles, passid, point_account_id, incentive_id, referral_id, percent_increase1, percent_increase2) VALUES ('F003', TO_DATE('2023-04-12 14:00:00','YYYY-MM-DD HH24:MI:SS'), TO_DATE('2023-04-12 12:00:00','YYYY-MM-DD HH24:MI:SS'), 'San Francisco', 'Seattle', 679, 102, 'PA003', 'I03', 'R03', 2, 5);
INSERT INTO Flights (flight_id, arrival_datetime, dept_datetime, source, destination, flight_miles, passid, point_account_id, incentive_id, referral_id, percent_increase1, percent_increase2) VALUES ('F004', TO_DATE('2023-04-13 16:00:00','YYYY-MM-DD HH24:MI:SS'), TO_DATE('2023-04-13 14:00:00','YYYY-MM-DD HH24:MI:SS'), 'Seattle', 'New York', 2400, 103, 'PA004', 'I04', 'R04', 6, 12);
INSERT INTO Flights (flight_id, arrival_datetime, dept_datetime, source, destination, flight_miles, passid, point_account_id, incentive_id, referral_id, percent_increase1, percent_increase2) VALUES ('F005', TO_DATE('2023-04-14 18:00:00','YYYY-MM-DD HH24:MI:SS'), TO_DATE('2023-04-14 16:00:00','YYYY-MM-DD HH24:MI:SS'), 'New York', 'Seattle', 2400, 104, 'PA005', 'I05', 'R05', 4, 8);
INSERT INTO Flights (flight_id, arrival_datetime, dept_datetime, source, destination, flight_miles, passid, point_account_id, incentive_id, referral_id, percent_increase1, percent_increase2) VALUES ('F006', TO_DATE('2023-04-15 20:00:00','YYYY-MM-DD HH24:MI:SS'), TO_DATE('2023-04-15 18:00:00','YYYY-MM-DD HH24:MI:SS'), 'Los Angeles', 'Seattle', 960, 105, 'PA006', 'I06', 'R06', 1, 3);
INSERT INTO Flights (flight_id, arrival_datetime, dept_datetime, source, destination, flight_miles, passid, point_account_id, incentive_id, referral_id, percent_increase1, percent_increase2) VALUES ('F007', TO_DATE('2023-04-16 22:00:00','YYYY-MM-DD HH24:MI:SS'), TO_DATE('2023-04-16 20:00:00','YYYY-MM-DD HH24:MI:SS'), 'Seattle', 'Los Angeles', 960, 106, 'PA007', 'I07', 'R07', 2, 4);
INSERT INTO Flights (flight_id, arrival_datetime, dept_datetime, source, destination, flight_miles, passid, point_account_id, incentive_id, referral_id, percent_increase1, percent_increase2) VALUES ('F008', TO_DATE('2023-04-17 09:00:00','YYYY-MM-DD HH24:MI:SS'), TO_DATE('2023-04-17 07:00:00','YYYY-MM-DD HH24:MI:SS'), 'New York', 'San Francisco', 2585, 107, 'PA008', 'I08', 'R08', 4, 9);
INSERT INTO Flights (flight_id, arrival_datetime, dept_datetime, source, destination, flight_miles, passid, point_account_id, incentive_id, referral_id, percent_increase1, percent_increase2) VALUES ('F009', TO_DATE('2023-04-18 11:00:00','YYYY-MM-DD HH24:MI:SS'), TO_DATE('2023-04-18 09:00:00','YYYY-MM-DD HH24:MI:SS'), 'San Francisco', 'New York', 2585, 108, 'PA009', 'I09', 'R09', 6, 11);
INSERT INTO Flights (flight_id, arrival_datetime, dept_datetime, source, destination, flight_miles, passid, point_account_id, incentive_id, referral_id, percent_increase1, percent_increase2) VALUES ('F010', TO_DATE('2023-04-19 13:00:00','YYYY-MM-DD HH24:MI:SS'), TO_DATE('2023-04-19 11:00:00','YYYY-MM-DD HH24:MI:SS'), 'Seattle', 'San Francisco', 679, 109, 'PA010', 'I10', 'R10', 3, 6);


----------------------------------------------------------------------------
-- Insert data into the Trips table
INSERT INTO Trips (trip_id, arrival_datetime, dept_datetime, source, destination, trip_miles) VALUES ('T01', TO_DATE('2023-02-01 12:30:00', 'YYYY-MM-DD HH24:MI:SS'), TO_DATE('2023-02-01 15:30:00', 'YYYY-MM-DD HH24:MI:SS'), 'New York', 'Los Angeles', 2450);
INSERT INTO Trips (trip_id, arrival_datetime, dept_datetime, source, destination, trip_miles) VALUES ('T02', TO_DATE('2023-02-02 08:45:00', 'YYYY-MM-DD HH24:MI:SS'), TO_DATE('2023-02-02 11:45:00', 'YYYY-MM-DD HH24:MI:SS'), 'Los Angeles', 'San Francisco', 380);
INSERT INTO Trips (trip_id, arrival_datetime, dept_datetime, source, destination, trip_miles) VALUES ('T03', TO_DATE('2023-02-03 09:15:00', 'YYYY-MM-DD HH24:MI:SS'), TO_DATE('2023-02-03 12:15:00', 'YYYY-MM-DD HH24:MI:SS'), 'San Francisco', 'Seattle', 680);
INSERT INTO Trips (trip_id, arrival_datetime, dept_datetime, source, destination, trip_miles) VALUES ('T04', TO_DATE('2023-02-04 13:30:00', 'YYYY-MM-DD HH24:MI:SS'), TO_DATE('2023-02-04 16:30:00', 'YYYY-MM-DD HH24:MI:SS'), 'New York', 'Chicago', 710);
INSERT INTO Trips (trip_id, arrival_datetime, dept_datetime, source, destination, trip_miles) VALUES ('T05', TO_DATE('2023-02-05 11:15:00', 'YYYY-MM-DD HH24:MI:SS'), TO_DATE('2023-02-05 14:15:00', 'YYYY-MM-DD HH24:MI:SS'), 'Chicago', 'Denver', 920);
INSERT INTO Trips (trip_id, arrival_datetime, dept_datetime, source, destination, trip_miles) VALUES ('T06', TO_DATE('2023-02-06 15:00:00', 'YYYY-MM-DD HH24:MI:SS'), TO_DATE('2023-02-06 18:00:00', 'YYYY-MM-DD HH24:MI:SS'), 'Seattle', 'Los Angeles', 960);
INSERT INTO Trips (trip_id, arrival_datetime, dept_datetime, source, destination, trip_miles) VALUES ('T07', TO_DATE('2023-02-07 14:30:00', 'YYYY-MM-DD HH24:MI:SS'), TO_DATE('2023-02-07 17:30:00', 'YYYY-MM-DD HH24:MI:SS'), 'New York', 'Miami', 1090);
INSERT INTO Trips (trip_id, arrival_datetime, dept_datetime, source, destination, trip_miles) VALUES ('T08', TO_DATE('2023-02-08 16:45:00', 'YYYY-MM-DD HH24:MI:SS'), TO_DATE('2023-02-08 19:45:00', 'YYYY-MM-DD HH24:MI:SS'), 'Miami', 'Houston', 970);
INSERT INTO Trips (trip_id, arrival_datetime, dept_datetime, source, destination, trip_miles) VALUES ('T09', TO_DATE('2023-02-09 12:00:00', 'YYYY-MM-DD HH24:MI:SS'), TO_DATE('2023-02-09 15:00:00', 'YYYY-MM-DD HH24:MI:SS'), 'Houston', 'Dallas', 240);
INSERT INTO Trips (trip_id, arrival_datetime, dept_datetime, source, destination, trip_miles) VALUES ('T10', TO_DATE('2023-02-10 10:15:00', 'YYYY-MM-DD HH24:MI:SS'), TO_DATE('2023-02-10 13:15:00', 'YYYY-MM-DD HH24:MI:SS'), 'Dallas', 'Chicago', 800);








-----------------------------------------
-- Insert data into the Flights_Trips table
INSERT INTO Flights_Trips (flight_id, trip_id) VALUES ('F001', 'T01');
INSERT INTO Flights_Trips (flight_id, trip_id) VALUES ('F001', 'T03');
INSERT INTO Flights_Trips (flight_id, trip_id) VALUES ('F002', 'T02');
INSERT INTO Flights_Trips (flight_id, trip_id) VALUES ('F002', 'T05');
INSERT INTO Flights_Trips (flight_id, trip_id) VALUES ('F008', 'T05');
INSERT INTO Flights_Trips (flight_id, trip_id) VALUES ('F008', 'T10');






---------------------------------------------------
-- Insert data into the Promotions table
INSERT INTO Promotions (prom_id, prom_action, prom_period, p_description) VALUES ('PR01', 'First-Time Flyer Discount', 'April 2023', 'Passengers who have never flown with our airline before receive a 15% discount on their first flight.');
INSERT INTO Promotions (prom_id, prom_action, prom_period, p_description) VALUES ('PR02', 'Free miles', 'May 2023', 'Get 500 free miles on your next flight in May 2023.');
INSERT INTO Promotions (prom_id, prom_action, prom_period, p_description) VALUES ('PR03', 'Business Class Upgrade', 'June 2023', 'Passengers who book a round-trip flight in economy class and pay with a certain credit card receive a free upgrade to business class. ');
INSERT INTO Promotions (prom_id, prom_action, prom_period, p_description) VALUES ('PR04', 'Double miles', 'July 2023', 'Get double miles on all flights in July 2023.');
INSERT INTO Promotions (prom_id, prom_action, prom_period, p_description) VALUES ('PR05', '25% off', 'August 2023', 'Get 25% off on all flights in August 2023.');
INSERT INTO Promotions (prom_id, prom_action, prom_period, p_description) VALUES ('PR06', 'Free ticket', 'September 2023', 'Get a free one-way ticket on your next flight in September 2023.');
INSERT INTO Promotions (prom_id, prom_action, prom_period, p_description) VALUES ('PR07', 'First Class Upgrade', 'October 2023', 'Upgrade to first class for free on your next flight in October 2023.');
INSERT INTO Promotions (prom_id, prom_action, prom_period, p_description) VALUES ('PR08', 'Triple miles', 'November 2023', 'Get triple miles on all flights in November 2023.');
INSERT INTO Promotions (prom_id, prom_action, prom_period, p_description) VALUES ('PR09', '50% off', 'December 2023', 'Get 50% off on all flights in December 2023.');
INSERT INTO Promotions (prom_id, prom_action, prom_period, p_description) VALUES ('PR10', 'Free checked bag promotion', 'January 2024', 'Passengers are allowed to check one bag for free on their next flight.');





--------------------------
-- Insert data into the Cards table
INSERT INTO Cards (card_id, expiry_date, is_valid, c_date, passid) VALUES ('C01', TO_DATE('2024-04-30', 'YYYY-MM-DD'), 'Y', SYSDATE, 100);
INSERT INTO Cards (card_id, expiry_date, is_valid, c_date, passid) VALUES ('C02', TO_DATE('2025-05-31', 'YYYY-MM-DD'), 'Y', SYSDATE, 101);
INSERT INTO Cards (card_id, expiry_date, is_valid, c_date, passid) VALUES ('C03', TO_DATE('2024-12-31', 'YYYY-MM-DD'), 'Y', SYSDATE, 102);
INSERT INTO Cards (card_id, expiry_date, is_valid, c_date, passid) VALUES ('C04', TO_DATE('2023-06-30', 'YYYY-MM-DD'), 'Y', SYSDATE, 103);
INSERT INTO Cards (card_id, expiry_date, is_valid, c_date, passid) VALUES ('C01', TO_DATE('2024-04-30', 'YYYY-MM-DD'), 'Y', SYSDATE, 104);
INSERT INTO Cards (card_id, expiry_date, is_valid, c_date, passid) VALUES ('C05', TO_DATE('2022-12-31', 'YYYY-MM-DD'), 'N', SYSDATE, 100);
INSERT INTO Cards (card_id, expiry_date, is_valid, c_date, passid) VALUES ('C06', TO_DATE('2022-11-01', 'YYYY-MM-DD'), 'N', SYSDATE, 101);
INSERT INTO Cards (card_id, expiry_date, is_valid, c_date, passid) VALUES ('C07', TO_DATE('2021-01-07', 'YYYY-MM-DD'), 'N', SYSDATE, 102);
INSERT INTO Cards (card_id, expiry_date, is_valid, c_date, passid) VALUES ('C08', TO_DATE('2021-09-10', 'YYYY-MM-DD'), 'N', SYSDATE, 103);
INSERT INTO Cards (card_id, expiry_date, is_valid, c_date, passid) VALUES ('C09', TO_DATE('2020-12-12', 'YYYY-MM-DD'), 'N', SYSDATE, 104);
INSERT INTO Cards (card_id, expiry_date, is_valid, c_date, passid) VALUES ('C10', TO_DATE('2024-04-20', 'YYYY-MM-DD'), 'Y', SYSDATE, 105);
INSERT INTO Cards (card_id, expiry_date, is_valid, c_date, passid) VALUES ('C11', TO_DATE('2024-12-26', 'YYYY-MM-DD'), 'Y', SYSDATE, 106);
INSERT INTO Cards (card_id, expiry_date, is_valid, c_date, passid) VALUES ('C12', TO_DATE('2026-08-12', 'YYYY-MM-DD'), 'Y', SYSDATE, 107);
INSERT INTO Cards (card_id, expiry_date, is_valid, c_date, passid) VALUES ('C13', TO_DATE('2023-12-12', 'YYYY-MM-DD'), 'Y', SYSDATE, 108);
INSERT INTO Cards (card_id, expiry_date, is_valid, c_date, passid) VALUES ('C14', TO_DATE('2025-10-12', 'YYYY-MM-DD'), 'Y', SYSDATE, 109);
INSERT INTO Cards (card_id, expiry_date, is_valid, c_date, passid) VALUES ('C15', TO_DATE('2023-09-25', 'YYYY-MM-DD'), 'Y', SYSDATE, 110);
INSERT INTO Cards (card_id, expiry_date, is_valid, c_date, passid) VALUES ('C16', TO_DATE('2025-04-19', 'YYYY-MM-DD'), 'Y', SYSDATE, 111);
INSERT INTO Cards (card_id, expiry_date, is_valid, c_date, passid) VALUES ('C17', TO_DATE('2024-04-26', 'YYYY-MM-DD'), 'Y', SYSDATE, 112);
INSERT INTO Cards (card_id, expiry_date, is_valid, c_date, passid) VALUES ('C18', TO_DATE('2023-12-22', 'YYYY-MM-DD'), 'Y', SYSDATE, 113);
INSERT INTO Cards (card_id, expiry_date, is_valid, c_date, passid) VALUES ('C19', TO_DATE('2024-04-30', 'YYYY-MM-DD'), 'Y', SYSDATE, 114);
INSERT INTO Cards (card_id, expiry_date, is_valid, c_date, passid) VALUES ('C20', TO_DATE('2026-04-30', 'YYYY-MM-DD'), 'Y', SYSDATE, 115);
INSERT INTO Cards (card_id, expiry_date, is_valid, c_date, passid) VALUES ('C21', TO_DATE('2025-04-30', 'YYYY-MM-DD'), 'Y', SYSDATE, 116);
INSERT INTO Cards (card_id, expiry_date, is_valid, c_date, passid) VALUES ('C22', TO_DATE('2024-02-23', 'YYYY-MM-DD'), 'Y', SYSDATE, 117);
INSERT INTO Cards (card_id, expiry_date, is_valid, c_date, passid) VALUES ('C23', TO_DATE('2024-04-12', 'YYYY-MM-DD'), 'Y', SYSDATE, 118);
INSERT INTO Cards (card_id, expiry_date, is_valid, c_date, passid) VALUES ('C24', TO_DATE('2025-09-17', 'YYYY-MM-DD'), 'Y', SYSDATE, 119);
INSERT INTO Cards (card_id, expiry_date, is_valid, c_date, passid) VALUES ('C26', TO_DATE('2026-06-06', 'YYYY-MM-DD'), 'Y', SYSDATE, 120);
INSERT INTO Cards (card_id, expiry_date, is_valid, c_date, passid) VALUES ('C27', TO_DATE('2024-04-11', 'YYYY-MM-DD'), 'Y', SYSDATE, 121);
INSERT INTO Cards (card_id, expiry_date, is_valid, c_date, passid) VALUES ('C28', TO_DATE('2025-04-11', 'YYYY-MM-DD'), 'Y', SYSDATE, 122);
INSERT INTO Cards (card_id, expiry_date, is_valid, c_date, passid) VALUES ('C29', TO_DATE('2026-04-11', 'YYYY-MM-DD'), 'Y', SYSDATE, 123);
INSERT INTO Cards (card_id, expiry_date, is_valid, c_date, passid) VALUES ('C30', TO_DATE('2024-05-10', 'YYYY-MM-DD'), 'Y', SYSDATE, 124);
INSERT INTO Cards (card_id, expiry_date, is_valid, c_date, passid) VALUES ('C31', TO_DATE('2025-05-10', 'YYYY-MM-DD'), 'Y', SYSDATE, 125);
INSERT INTO Cards (card_id, expiry_date, is_valid, c_date, passid) VALUES ('C32', TO_DATE('2026-05-10', 'YYYY-MM-DD'), 'Y', SYSDATE, 126);
INSERT INTO Cards (card_id, expiry_date, is_valid, c_date, passid) VALUES ('C33', TO_DATE('2023-06-06', 'YYYY-MM-DD'), 'Y', SYSDATE, 127);
INSERT INTO Cards (card_id, expiry_date, is_valid, c_date, passid) VALUES ('C34', TO_DATE('2024-06-06', 'YYYY-MM-DD'), 'Y', SYSDATE, 128);
INSERT INTO Cards (card_id, expiry_date, is_valid, c_date, passid) VALUES ('C35', TO_DATE('2025-06-06', 'YYYY-MM-DD'), 'Y', SYSDATE, 129);
INSERT INTO Cards (card_id, expiry_date, is_valid, c_date, passid) VALUES ('C36', TO_DATE('2026-06-06', 'YYYY-MM-DD'), 'Y', SYSDATE, 130);
INSERT INTO Cards (card_id, expiry_date, is_valid, c_date, passid) VALUES ('C37', TO_DATE('2024-07-07', 'YYYY-MM-DD'), 'Y', SYSDATE, 131);
INSERT INTO Cards (card_id, expiry_date, is_valid, c_date, passid) VALUES ('C38', TO_DATE('2023-07-07', 'YYYY-MM-DD'), 'Y', SYSDATE, 132);
INSERT INTO Cards (card_id, expiry_date, is_valid, c_date, passid) VALUES ('C39', TO_DATE('2025-07-07', 'YYYY-MM-DD'), 'Y', SYSDATE, 133);
INSERT INTO Cards (card_id, expiry_date, is_valid, c_date, passid) VALUES ('C40', TO_DATE('2026-07-07', 'YYYY-MM-DD'), 'Y', SYSDATE, 134);
INSERT INTO Cards (card_id, expiry_date, is_valid, c_date, passid) VALUES ('C41', TO_DATE('2024-08-12', 'YYYY-MM-DD'), 'Y', SYSDATE, 135);
INSERT INTO Cards (card_id, expiry_date, is_valid, c_date, passid) VALUES ('C42', TO_DATE('2023-08-12', 'YYYY-MM-DD'), 'Y', SYSDATE, 136);
INSERT INTO Cards (card_id, expiry_date, is_valid, c_date, passid) VALUES ('C43', TO_DATE('2025-08-12', 'YYYY-MM-DD'), 'Y', SYSDATE, 137);
INSERT INTO Cards (card_id, expiry_date, is_valid, c_date, passid) VALUES ('C44', TO_DATE('2026-08-12', 'YYYY-MM-DD'), 'Y', SYSDATE, 138);
INSERT INTO Cards (card_id, expiry_date, is_valid, c_date, passid) VALUES ('C45', TO_DATE('2025-12-30', 'YYYY-MM-DD'), 'Y', SYSDATE, 139);










-------------------------------
-- Insert data into the ExchgCenters table
INSERT INTO ExchgCenters (center_id, center_name, c_location) VALUES (1, 'New York Exchange Center', '123 Main St, New York, NY');
INSERT INTO ExchgCenters (center_id, center_name, c_location) VALUES (2, 'Los Angeles Exchange Center', '456 Broadway, Los Angeles, CA');
INSERT INTO ExchgCenters (center_id, center_name, c_location) VALUES (3, 'Hyderabad Exchange Center', '789 Golconda St, Hyderabad, India');
INSERT INTO ExchgCenters (center_id, center_name, c_location) VALUES (4, 'Mumbai Exchange Center', '10 Juhu Beach Road, Mumbai, India');
INSERT INTO ExchgCenters (center_id, center_name, c_location) VALUES (5, 'Delhi Exchange Center', '786 Jallianwala Bagh Road, Delhi, India');




-------------------------
-- Insert data into the Awards table
INSERT INTO Awards (award_id, points_required, a_description) VALUES (1, 5000, '1 free domestic flight');
INSERT INTO Awards (award_id, points_required, a_description) VALUES (2, 10000, 'Free rental car for 3 days');
INSERT INTO Awards (award_id, points_required, a_description) VALUES (3, 20000, '$50 gift card to choose retailer');
INSERT INTO Awards (award_id, points_required, a_description) VALUES (4, 50000, '1 free international flight');
INSERT INTO Awards (award_id, points_required, a_description) VALUES (5, 35000, 'Free ski trip for 2 people');
INSERT INTO Awards (award_id, points_required, a_description) VALUES (6, 15000, 'Free spa treatment at a luxury resort');
INSERT INTO Awards (award_id, points_required, a_description) VALUES (7, 5000, '50% off next flight');
INSERT INTO Awards (award_id, points_required, a_description) VALUES (8, 10000, 'Free concert or event tickets');
INSERT INTO Awards (award_id, points_required, a_description) VALUES (9, 50000, 'Free week-long vacation at a luxury resort');
INSERT INTO Awards (award_id, points_required, a_description) VALUES (10, 10000, '1 free flight and 25% off next flight');
INSERT INTO Awards (award_id, points_required, a_description) VALUES (11, 25000, '$250 gift card to select retailer');
INSERT INTO Awards (award_id, points_required, a_description) VALUES (12, 75000, 'Free round-trip flight for one person to any destination in Asia.');
INSERT INTO Awards (award_id, points_required, a_description) VALUES (13, 19000, 'Free one-night stay at select hotel');
INSERT INTO Awards (award_id, points_required, a_description) VALUES (14, 20000, 'Upgrade to first class on your next flight');
INSERT INTO Awards (award_id, points_required, a_description) VALUES (15, 56000, 'Airport lounge access for 1 year');











--------------------------------------------------


INSERT INTO Redemption_History (passid, award_id, redemption_date, quantity, point_account_id, center_id) VALUES (100, 1, TO_DATE('2023-01-01', 'YYYY-MM-DD'), 1, 'PA001', 1);
INSERT INTO Redemption_History (passid, award_id, redemption_date, quantity, point_account_id, center_id) VALUES (101, 2, TO_DATE('2023-02-01', 'YYYY-MM-DD'), 2, 'PA002', 2);
INSERT INTO Redemption_History (passid, award_id, redemption_date, quantity, point_account_id, center_id) VALUES (102, 3, TO_DATE('2023-03-01', 'YYYY-MM-DD'), 3, 'PA003', 3);
INSERT INTO Redemption_History (passid, award_id, redemption_date, quantity, point_account_id, center_id) VALUES (111, 4, TO_DATE('2023-01-01', 'YYYY-MM-DD'), 1, 'PA012', 4);
INSERT INTO Redemption_History (passid, award_id, redemption_date, quantity, point_account_id, center_id) VALUES (113, 5, TO_DATE('2023-02-01', 'YYYY-MM-DD'), 2, 'PA014', 5);
INSERT INTO Redemption_History (passid, award_id, redemption_date, quantity, point_account_id, center_id) VALUES (115, 5, TO_DATE('2023-03-01', 'YYYY-MM-DD'), 3, 'PA016', 3);
INSERT INTO Redemption_History (passid, award_id, redemption_date, quantity, point_account_id, center_id) VALUES (120, 1, TO_DATE('2023-01-01', 'YYYY-MM-DD'), 1, 'PA021', 1);
INSERT INTO Redemption_History (passid, award_id, redemption_date, quantity, point_account_id, center_id) VALUES (121, 6, TO_DATE('2023-02-01', 'YYYY-MM-DD'), 2, 'PA022', 5);
INSERT INTO Redemption_History (passid, award_id, redemption_date, quantity, point_account_id, center_id) VALUES (123, 7, TO_DATE('2023-03-01', 'YYYY-MM-DD'), 3, 'PA024', 3);
INSERT INTO Redemption_History (passid, award_id, redemption_date, quantity, point_account_id, center_id) VALUES (124, 8, TO_DATE('2023-01-01', 'YYYY-MM-DD'), 1, 'PA025', 4);
INSERT INTO Redemption_History (passid, award_id, redemption_date, quantity, point_account_id, center_id) VALUES (125, 12, TO_DATE('2023-02-01', 'YYYY-MM-DD'), 2, 'PA026', 2);
INSERT INTO Redemption_History (passid, award_id, redemption_date, quantity, point_account_id, center_id) VALUES (126, 3, TO_DATE('2023-03-01', 'YYYY-MM-DD'), 3, 'PA027', 4);
INSERT INTO Redemption_History (passid, award_id, redemption_date, quantity, point_account_id, center_id) VALUES (127, 12, TO_DATE('2023-01-01', 'YYYY-MM-DD'), 1, 'PA028', 1);
INSERT INTO Redemption_History (passid, award_id, redemption_date, quantity, point_account_id, center_id) 
VALUES (129, 7, TO_DATE('02-01-2023', 'MM-DD-YYYY'), 2, 'PA030', 4);

INSERT INTO Redemption_History (passid, award_id, redemption_date, quantity, point_account_id, center_id) 
VALUES (130, 15, TO_DATE('03-01-2023', 'MM-DD-YYYY'), 3, 'PA031', 5);

INSERT INTO Redemption_History (passid, award_id, redemption_date, quantity, point_account_id, center_id) 
VALUES (132, 14, TO_DATE('01-01-2023', 'MM-DD-YYYY'), 1, 'PA033', 1);

INSERT INTO Redemption_History (passid, award_id, redemption_date, quantity, point_account_id, center_id) 
VALUES (133, 13, TO_DATE('02-01-2023', 'MM-DD-YYYY'), 2, 'PA034', 2);

INSERT INTO Redemption_History (passid, award_id, redemption_date, quantity, point_account_id, center_id) 
VALUES (134, 3, TO_DATE('03-01-2023', 'MM-DD-YYYY'), 3, 'PA035', 3);

INSERT INTO Redemption_History (passid, award_id, redemption_date, quantity, point_account_id, center_id) 
VALUES (135, 12, TO_DATE('01-01-2023', 'MM-DD-YYYY'), 1, 'PA036', 1);

INSERT INTO Redemption_History (passid, award_id, redemption_date, quantity, point_account_id, center_id) 
VALUES (136, 2, TO_DATE('02-01-2023', 'MM-DD-YYYY'), 2, 'PA037', 5);
